{"cameraMode":{"drawMode":0,"name":"Shaded","section":"Shading Mode"},"sceneLighting":true,"audioPlay":false,"sceneViewState":{"showFog":true,"showMaterialUpdate":false,"showSkybox":true,"showFlares":true,"showImageEffects":true,"showParticleSystems":true},"in2DMode":false,"pivot":{"x":-20.837711334228517,"y":28.38196563720703,"z":-17.850452423095704},"rotation":{"x":0.00021970667876303196,"y":0.9892138242721558,"z":0.1464710235595703,"w":-0.0014838224742561579},"size":73.5995864868164,"orthographic":true}